category_key,name,description,icon,display_order,is_active
frontend,Frontend Development,–†–∞–∑—Ä–∞–±–æ—Ç–∫–∞ –ø–æ–ª—å–∑–æ–≤–∞—Ç–µ–ª—å—Å–∫–∏—Ö –∏–Ω—Ç–µ—Ä—Ñ–µ–π—Å–æ–≤,üé®,1,TRUE
backend,Backend Development,–°–µ—Ä–≤–µ—Ä–Ω–∞—è —Ä–∞–∑—Ä–∞–±–æ—Ç–∫–∞ –∏ API,‚öôÔ∏è,2,TRUE
fullstack,Fullstack Development,–ü–æ–ª–Ω—ã–π —Ü–∏–∫–ª —Ä–∞–∑—Ä–∞–±–æ—Ç–∫–∏,üöÄ,3,TRUE
devops,DevOps / Infrastructure,–ò–Ω—Ñ—Ä–∞—Å—Ç—Ä—É–∫—Ç—É—Ä–∞ –∏ –∞–≤—Ç–æ–º–∞—Ç–∏–∑–∞—Ü–∏—è,üîß,4,TRUE
mobile,Mobile Development,–ú–æ–±–∏–ª—å–Ω–∞—è —Ä–∞–∑—Ä–∞–±–æ—Ç–∫–∞,üì±,5,TRUE
data,Data / AI,–ê–Ω–∞–ª–∏–∑ –¥–∞–Ω–Ω—ã—Ö –∏ –º–∞—à–∏–Ω–Ω–æ–µ –æ–±—É—á–µ–Ω–∏–µ,üìä,6,TRUE
qa,QA / Testing,–¢–µ—Å—Ç–∏—Ä–æ–≤–∞–Ω–∏–µ –∏ –æ–±–µ—Å–ø–µ—á–µ–Ω–∏–µ –∫–∞—á–µ—Å—Ç–≤–∞,üß™,7,TRUE
security,Security,–ò–Ω—Ñ–æ—Ä–º–∞—Ü–∏–æ–Ω–Ω–∞—è –±–µ–∑–æ–ø–∞—Å–Ω–æ—Å—Ç—å,üîí,8,TRUE
product,Product Management,–ü—Ä–æ–¥—É–∫—Ç–æ–≤—ã–π –º–µ–Ω–µ–¥–∂–º–µ–Ω—Ç,üìã,9,TRUE
design,UX/UI Design,–î–∏–∑–∞–π–Ω –ø–æ–ª—å–∑–æ–≤–∞—Ç–µ–ª—å—Å–∫–æ–≥–æ –∏–Ω—Ç–µ—Ä—Ñ–µ–π—Å–∞,üé®,10,TRUE
marketing,Digital Marketing,–¶–∏—Ñ—Ä–æ–≤–æ–π –º–∞—Ä–∫–µ—Ç–∏–Ω–≥,üìà,11,TRUE
crypto,Crypto / Blockchain,–ë–ª–æ–∫—á–µ–π–Ω –∏ –∫—Ä–∏–ø—Ç–æ–≤–∞–ª—é—Ç—ã,‚Çø,12,TRUE

